{"cameraMode":{"drawMode":0,"name":"Shaded","section":"Shading Mode"},"sceneLighting":true,"audioPlay":false,"sceneViewState":{"showFog":true,"showMaterialUpdate":false,"showSkybox":true,"showFlares":true,"showImageEffects":true,"showParticleSystems":true},"in2DMode":false,"pivot":{"x":2.905587673187256,"y":3.412374973297119,"z":2.4186580181121828},"rotation":{"x":-0.100431427359581,"y":-0.7642859816551209,"z":0.12280135601758957,"w":-0.6250603199005127},"size":4.123435020446777,"orthographic":false}
=======
﻿{"cameraMode":{"drawMode":0,"name":"Shaded","section":"Shading Mode"},"sceneLighting":true,"audioPlay":false,"sceneViewState":{"showFog":true,"showMaterialUpdate":false,"showSkybox":true,"showFlares":true,"showImageEffects":true,"showParticleSystems":true},"in2DMode":false,"pivot":{"x":2.905587673187256,"y":3.412374973297119,"z":2.4186580181121828},"rotation":{"x":-0.100431427359581,"y":-0.7642859816551209,"z":0.12280135601758957,"w":-0.6250603199005127},"size":4.123435020446777,"orthographic":false}
>>>>>>> 1606fa842f0a1a1ebbcace3a30aaec7929caad58
